"URL_ID","URL","POSITIVE SCORE","NEGATIVE SCORE","POLARITY SCORE","SUBJECTIVITY SCORE","AVG SENTENCE LENGTH","PERCENTAGE OF COMPLEX WORDS","FOG INDEX","COMPLEX WORD COUNT","WORD COUNT","SYLLABLE PER WORD","PERSONAL PRONOUNS","AVG WORD LENGTH"
"bctech2011","https://insights.blackcoffer.com/ml-and-ai-based-insurance-premium-model-to-predict-premium-to-be-charged-by-the-insurance-company/","41","9","0.6399999872","0.079491255835467","26.208333333333","0.45310015898251","10.664573396926","285","629","2.4340222575517","4","7.6025437201908"
"bctech2012","https://insights.blackcoffer.com/streamlined-integration-interactive-brokers-api-with-python-for-desktop-trading-application/","9","1","0.79999992000001","0.050505050249974","28.285714285714","0.36868686868687","11.46176046176","73","198","2.3080808080808","3","7.5656565656566"
"bctech2013","https://insights.blackcoffer.com/efficient-data-integration-and-user-friendly-interface-development-navigating-challenges-in-web-application-deployment/","9","1","0.79999992000001","0.050761421062125","28.142857142857","0.39593908629442","11.415518491661","78","197","2.3401015228426","3","7.6192893401015"
"bctech2014","https://insights.blackcoffer.com/effective-management-of-social-media-data-extraction-strategies-for-authentication-security-and-reliability/","9","1","0.79999992000001","0.050505050249974","28.285714285714","0.38383838383838","11.467821067821","76","198","2.3434343434343","3","7.5909090909091"
"bctech2015","https://insights.blackcoffer.com/streamlined-trading-operations-interface-for-metatrader-4-empowering-efficient-management-and-monitoring/","10","1","0.81818174380166","0.055555555274972","28.285714285714","0.39393939393939","11.471861471861","78","198","2.3434343434343","3","7.6414141414141"
"bctech2016","https://insights.blackcoffer.com/efficient-aws-infrastructure-setup-and-management-addressing-security-scalability-and-compliance/","9","1","0.79999992000001","0.051282051019066","27.857142857143","0.4","11.302857142857","78","195","2.3487179487179","3","7.625641025641"
"bctech2017","https://insights.blackcoffer.com/streamlined-equity-waterfall-calculation-and-deal-management-system/","9","1","0.79999992000001","0.050251256028888","28.428571428571","0.37688442211055","11.522182340273","75","199","2.3115577889447","3","7.5125628140704"
"bctech2018","https://insights.blackcoffer.com/automated-orthopedic-case-report-generation-harnessing-web-scraping-and-ai-integration/","8","1","0.77777769135803","0.045226130425999","28.428571428571","0.38190954773869","11.524192390524","76","199","2.3165829145729","3","7.5678391959799"
"bctech2019","https://insights.blackcoffer.com/streamlining-time-calculation-in-warehouse-management-leveraging-shiphero-api-and-google-bigquery-integration/","8","1","0.77777769135803","0.043689320176265","29.428571428571","0.37378640776699","11.920943134535","77","206","2.2912621359223","3","7.5582524271845"
"bctech2020","https://insights.blackcoffer.com/efficient-database-design-and-management-streamlining-access-and-integration-for-partner-entity-management/","9","1","0.79999992000001","0.050761421062125","28.142857142857","0.39086294416244","11.413488034808","77","197","2.3401015228426","3","7.6294416243655"
"bctech2021","https://insights.blackcoffer.com/automated-campaign-management-system-a-comprehensive-solution-with-linkedin-and-email-integration/","10","1","0.81818174380166","0.054455445274973","28.857142857143","0.39108910891089","11.699292786422","79","202","2.3217821782178","3","7.5841584158416"
"bctech2022","https://insights.blackcoffer.com/ai-driven-data-analysis-ai-tool-using-langchain-for-a-leading-real-estate-and-financing-firm-worldwide/","24","5","0.65517239120095","0.055449330677917","13.763157894737","0.32504780114723","5.6352822783536","170","523","2.1950286806883","3","7.1414913957935"
"bctech2023","https://insights.blackcoffer.com/grafana-dashboard-to-visualize-and-analyze-sensors-data/","24","4","0.71428568877551","0.071246819157133","18.714285714286","0.34351145038168","7.623118865867","135","393","2.2290076335878","7","7.2188295165394"
"bctech2024","https://insights.blackcoffer.com/mvp-for-a-software-that-analyses-content-from-audio-pharma-based/","11","4","0.46666663555556","0.053003533381613","23.583333333333","0.34982332155477","9.5732626619552","99","283","2.2756183745583","4","7.3922261484099"
"bctech2025","https://insights.blackcoffer.com/data-engineering-and-management-tool-airbyte-with-custom-data-connectors-to-manage-crm-database/","24","6","0.59999998","0.059642146998723","14.371428571429","0.3220675944334","5.8773984663448","162","503","2.2504970178926","21","7.2604373757455"
"bctech2026","https://insights.blackcoffer.com/text-summarizing-tool-to-scrape-and-summarize-pubmed-medical-papers/","38","4","0.80952379024943","0.091703056568334","17.615384615385","0.34497816593886","7.1841451125294","158","458","2.2445414847162","10","7.3973799126638"
"bctech2027","https://insights.blackcoffer.com/7up7down-10updown-snakes-and-ladder-games-built-using-oops/","24","3","0.77777774897119","0.061643835475699","16.846153846154","0.34246575342466","6.8754478398314","150","438","2.2146118721461","6","7.2420091324201"
"bctech2028","https://insights.blackcoffer.com/data-studio-dashboard-with-a-data-pipeline-tool-synced-with-podio-using-custom-webhooks-and-google-cloud-function/","28","9","0.51351349963477","0.068901303409867","15.342857142857","0.32029795158287","6.265262037776","172","537","2.2346368715084","3","7.2662942271881"
"bctech2029","https://insights.blackcoffer.com/end-to-end-tool-to-optimize-routing-and-planning-of-field-engineers-using-googles-cvrp-tw-algorithm/","38","9","0.61702126346763","0.097916666462674","17.142857142857","0.35208333333333","6.9979761904762","169","480","2.25","18","7.3770833333333"
"bctech2030","https://insights.blackcoffer.com/end-to-end-tool-to-predict-biofuel-prices-using-ieso-data/","33","13","0.43478259924386","0.089668615809613","14.657142857143","0.33138401559454","5.995410749095","170","513","2.2085769980507","7","7.3235867446394"
"bctech2031","https://insights.blackcoffer.com/etl-discovery-tool-using-llma-langchain-openai/","30","4","0.76470585986159","0.060176991043935","13.139534883721","0.32212389380531","5.3846635110105","182","565","2.1946902654867","12","7.2442477876106"
"bctech2032","https://insights.blackcoffer.com/gpt-ocr-api/","10","1","0.81818174380166","0.038062283605321","22.230769230769","0.32179930795848","9.0210274154911","93","289","2.1245674740484","6","6.9826989619377"
"bctech2033","https://insights.blackcoffer.com/dockerize-the-aws-lambda-for-serverless-architecture/","17","8","0.3599999856","0.061576354528137","15.037037037037","0.38177339901478","6.1675241744207","155","406","2.3891625615764","4","7.6773399014778"
"bctech2034","https://insights.blackcoffer.com/design-and-develop-a-product-recommendation-engine-based-on-the-features-of-products/","27","1","0.92857139540816","0.079999999771429","18.421052631579","0.34285714285714","7.5055639097744","120","350","2.28","3","7.5228571428571"
"bctech2035","https://insights.blackcoffer.com/database-discovery-tool-using-openai/","22","7","0.51724136147444","0.069879517903905","14.821428571429","0.3566265060241","6.0712220309811","148","415","2.2915662650602","7","7.3325301204819"
"bctech2036","https://insights.blackcoffer.com/automate-the-data-management-process/","35","12","0.48936169171571","0.087037036875857","12.558139534884","0.35","5.1632558139535","189","540","2.1944444444444","3","7.0740740740741"
"bctech2037","https://insights.blackcoffer.com/realtime-kibana-dashboard-for-a-financial-tech-firm/","28","16","0.27272726652893","0.067588325549019","21.7","0.26113671274962","8.7844546850998","170","651","1.9646697388633","12","6.6236559139785"
"bctech2038","https://insights.blackcoffer.com/data-management-etl-and-data-automation/","18","2","0.79999996","0.062893081563229","17.666666666667","0.26729559748428","7.1735849056604","85","318","2.059748427673","9","6.9591194968553"
"bctech2039","https://insights.blackcoffer.com/data-management-egeas/","14","2","0.749999953125","0.055363321607739","17","0.31141868512111","6.9245674740484","90","289","2.1280276816609","7","6.9826989619377"
"bctech2040","https://insights.blackcoffer.com/design-and-develop-powershell-script/","12","2","0.71428566326531","0.052434456732455","38.142857142857","0.29962546816479","15.376993044409","80","267","2.1535580524345","7","7.1161048689139"
"bctech2041","https://insights.blackcoffer.com/design-and-develop-jenkins-shared-library/","12","2","0.71428566326531","0.072164948081624","27.714285714286","0.32989690721649","11.217673048601","64","194","2.2113402061856","3","7.2938144329897"
"bctech2042","https://insights.blackcoffer.com/design-and-develop-retool-app-for-wholecell-io-and-asana-data-using-their-apis/","12","2","0.71428566326531","0.056910568874347","30.75","0.30894308943089","12.423577235772","76","246","2.1585365853659","6","7.0284552845528"
"bctech2043","https://insights.blackcoffer.com/design-and-develop-a-retool-app-that-will-show-stock-and-crypto-related-information-using-iex-api/","13","2","0.73333328444445","0.050167223912484","37.375","0.28428093645485","15.063712374582","85","299","2.0535117056856","3","6.685618729097"
"bctech2044","https://insights.blackcoffer.com/crm-monday-com-make-com-to-data-warehouse-to-klipfolio-dashboard/","17","3","0.699999965","0.052493438182432","12.7","0.33070866141732","5.2122834645669","126","381","2.1758530183727","8","7.1391076115486"
"bctech2045","https://insights.blackcoffer.com/ner-task-using-bert-with-data-in-xml-format/","13","2","0.73333328444445","0.048543689163289","18.176470588235","0.33333333333333","7.4039215686275","103","309","2.1553398058252","5","7.0873786407767"
"bctech2046","https://insights.blackcoffer.com/qualtrics-api-integration-using-python/","12","2","0.71428566326531","0.05577689220806","17.928571428571","0.30278884462151","7.2925441092772","76","251","2.1673306772908","5","7.195219123506"
"bctech2047","https://insights.blackcoffer.com/design-and-develop-mlops-framework-for-data-centric-ai/","15","3","0.66666662962963","0.0599999998","30","0.30333333333333","12.121333333333","91","300","2.1433333333333","3","7.17"
"bctech2048","https://insights.blackcoffer.com/nlp-based-approach-for-data-transformation/","13","3","0.6249999609375","0.059701492314547","24.363636363636","0.30597014925373","9.867842605156","82","268","2.115671641791","4","7.0261194029851"
"bctech2049","https://insights.blackcoffer.com/an-etl-tool-to-pull-data-from-shiphero-to-google-bigquery-data-warehouse/","19","5","0.58333330902778","0.061381074011813","19.55","0.27877237851662","7.9315089514067","109","391","2.074168797954","11","6.8388746803069"
"bctech2050","https://insights.blackcoffer.com/plaid-financial-analytics-a-data-driven-dashboard-to-generate-insights/","17","3","0.699999965","0.064935064724237","20.533333333333","0.30519480519481","8.3354112554113","94","308","2.1590909090909","4","7.1655844155844"
"bctech2051","https://insights.blackcoffer.com/recommendation-engine-for-insurance-sector-to-expand-business-in-the-rural-area/","19","3","0.72727269421488","0.062678062499493","25.071428571429","0.30769230769231","10.151648351648","108","351","2.2108262108262","4","7.2450142450142"
"bctech2052","https://insights.blackcoffer.com/data-from-crm-via-zapier-to-google-sheets-dynamic-to-powerbi/","20","2","0.81818178099174","0.07457627093364","18.4375","0.28474576271186","7.4888983050847","84","295","2.0576271186441","6","6.7694915254237"
"bctech2053","https://insights.blackcoffer.com/data-warehouse-to-google-data-studio-looker-dashboard/","13","2","0.73333328444445","0.047468354280163","19.75","0.29113924050633","8.0164556962025","92","316","2.1107594936709","11","7.0348101265823"
"bctech2054","https://insights.blackcoffer.com/crm-monday-com-via-zapier-to-power-bi-dashboard/","20","5","0.599999976","0.071225071022151","12.535714285714","0.26780626780627","5.1214082214082","94","351","2.02849002849","18","6.6267806267806"
"bctech2055","https://insights.blackcoffer.com/monday-com-to-kpi-dashboard-to-manage-view-and-generate-insights-from-the-crm-data/","26","9","0.48571427183674","0.090673574894628","12.451612903226","0.31347150259067","5.1060337623266","121","386","2.0284974093264","8","6.6683937823834"
"bctech2056","https://insights.blackcoffer.com/data-management-for-a-political-saas-application/","13","5","0.44444441975309","0.047244094364189","14.111111111111","0.31758530183727","5.7714785651794","121","381","2.1312335958005","7","6.9370078740157"
"bctech2057","https://insights.blackcoffer.com/google-lsa-ads-google-local-service-ads-etl-tools-and-dashboards/","14","3","0.64705878546713","0.056105610375889","21.642857142857","0.2970297029703","8.775954738331","90","303","2.1353135313531","3","7.0891089108911"
"bctech2058","https://insights.blackcoffer.com/ad-networks-marketing-campaign-data-dashboard-in-looker-google-data-studio/","12","2","0.71428566326531","0.062222221945679","32.142857142857","0.32","12.985142857143","72","225","2.1733333333333","3","7.1777777777778"
"bctech2059","https://insights.blackcoffer.com/analytical-solution-for-a-tech-firm/","14","4","0.55555552469136","0.08490565997686","21.2","0.33490566037736","8.6139622641509","71","212","2.2075471698113","4","7.2547169811321"
"bctech2060","https://insights.blackcoffer.com/ai-solution-for-a-technology-information-and-internet-firm/","13","2","0.73333328444445","0.066964285415338","24.888888888889","0.33928571428571","10.09126984127","76","224","2.2142857142857","3","7.1651785714286"
"bctech2061","https://insights.blackcoffer.com/ai-and-nlp-based-solutions-to-automate-data-discovery-for-venture-capital-and-private-equity-principals/","16","3","0.68421049030471","0.06462585012032","22.615384615385","0.3469387755102","9.1849293563579","102","294","2.1700680272109","3","7.1734693877551"
"bctech2062","https://insights.blackcoffer.com/an-etl-solution-for-an-internet-publishing-firm/","20","2","0.81818178099174","0.064896754970806","17.842105263158","0.28023598820059","7.2489365005434","95","339","2.0294985250737","12","6.6578171091445"
"bctech2063","https://insights.blackcoffer.com/ai-based-algorithmic-trading-bot-for-forex/","13","3","0.6249999609375","0.068669527602277","21.181818181818","0.30901287553648","8.5963324229419","72","233","2.1587982832618","3","7.1201716738197"
"bctech2064","https://insights.blackcoffer.com/equity-waterfalls-model-based-saas-application-for-real-estate-sector/","12","5","0.4117646816609","0.049562682071246","13.72","0.32361516034985","5.6174460641399","111","343","2.1574344023324","10","7.0816326530612"
"bctech2065","https://insights.blackcoffer.com/ai-solutions-for-foreign-exchange-an-automated-algo-trading-tool/","17","4","0.61904758956916","0.05570291762413","20.944444444444","0.3395225464191","8.5135867963454","128","377","2.1458885941645","6","7.079575596817"
"bctech2066","https://insights.blackcoffer.com/ai-agent-development-and-deployment-in-jina-ai/","19","9","0.35714284438776","0.10256410218841","22.75","0.32967032967033","9.2318681318681","90","273","2.2051282051282","5","7.1721611721612"
"bctech2067","https://insights.blackcoffer.com/golden-record-a-knowledge-graph-database-approach-to-unfold-discovery-using-neo4j/","22","5","0.62962960631001","0.076923076703923","18.473684210526","0.3019943019943","7.5102714050082","106","351","2.1082621082621","14","6.985754985755"
"bctech2068","https://insights.blackcoffer.com/advanced-ai-for-trading-automation/","20","6","0.53846151775148","0.067532467357059","14.259259259259","0.30909090909091","5.8273400673401","119","385","2.1194805194805","11","6.9194805194805"
"bctech2069","https://insights.blackcoffer.com/create-a-knowledge-graph-to-provide-real-time-analytics-recommendations-and-a-single-source-of-truth/","14","6","0.39999998","0.078740157170314","16.933333333333","0.31102362204724","6.8977427821522","79","254","2.1968503937008","3","7.2795275590551"
"bctech2070","https://insights.blackcoffer.com/advanced-ai-for-thermal-person-detection/","13","2","0.73333328444445","0.071090047056445","21.1","0.3175355450237","8.5670142180095","67","211","2.1848341232227","4","7.1706161137441"
"bctech2071","https://insights.blackcoffer.com/advanced-ai-for-road-cam-threat-detection/","13","5","0.44444441975309","0.081081080715851","22.2","0.33333333333333","9.0133333333333","74","222","2.2252252252252","3","7.2477477477477"
"bctech2072","https://insights.blackcoffer.com/advanced-ai-for-pedestrian-crossing-safety/","15","5","0.499999975","0.087336244160104","19.083333333333","0.34061135371179","7.769577874818","78","229","2.2401746724891","5","7.296943231441"
"bctech2073","https://insights.blackcoffer.com/handgun-detection-using-yolo/","14","2","0.749999953125","0.074074073731139","21.6","0.3287037037037","8.7714814814815","71","216","2.2175925925926","4","7.3287037037037"
"bctech2074","https://insights.blackcoffer.com/using-graph-technology-to-create-single-customer-view/","13","9","0.18181817355372","0.086614172887346","15.875","0.33464566929134","6.4838582677165","85","254","2.259842519685","6","7.3543307086614"
"bctech2075","https://insights.blackcoffer.com/car-detection-in-satellite-images/","20","2","0.81818178099174","0.067484662369679","14.818181818182","0.2638036809816","6.0327941996654","86","326","2.0490797546012","10","6.9938650306748"
"bctech2076","https://insights.blackcoffer.com/building-a-physics-informed-neural-network-for-circuit-evaluation/","19","5","0.58333330902778","0.066481994275673","15.041666666667","0.32409972299169","6.1463065558633","117","361","2.1772853185596","14","7.2548476454294"
"bctech2077","https://insights.blackcoffer.com/connecting-mongodb-database-to-power-bi-dashboard-dashboard-automation/","13","6","0.368421033241","0.050264550131575","18","0.24338624338624","7.2973544973545","92","378","2.0396825396825","12","6.8068783068783"
"bctech2078","https://insights.blackcoffer.com/data-transformation/","29","14","0.34883720118983","0.10487804852469","14.137931034483","0.26585365853659","5.7615138772077","109","410","2.0414634146341","13","6.6951219512195"
"bctech2079","https://insights.blackcoffer.com/e-commerce-store-analysis-purchase-behavior-ad-spend-conversion-traffic-etc/","14","2","0.749999953125","0.042895442244248","16.217391304348","0.25201072386059","6.5877608112834","94","373","2.058981233244","16","6.9919571045576"
"bctech2080","https://insights.blackcoffer.com/kpi-dashboard-for-accountants/","16","1","0.88235288927336","0.051359516461149","20.6875","0.3202416918429","8.4030966767372","106","331","2.1480362537764","8","7.1570996978852"
"bctech2081","https://insights.blackcoffer.com/return-on-advertising-spend-dashboard-marketing-automation-and-analytics-using-etl-and-dashboard/","32","5","0.72972971000731","0.060655737605482","16.052631578947","0.35409836065574","6.5626919758412","216","610","2.2377049180328","8","7.2918032786885"
"bctech2082","https://insights.blackcoffer.com/ranking-customer-behaviours-for-business-strategy/","13","3","0.6249999609375","0.055363321607739","32.111111111111","0.30795847750865","12.967627835448","89","289","2.121107266436","4","6.923875432526"
"bctech2083","https://insights.blackcoffer.com/algorithmic-trading-for-multiple-commodities-markets-like-forex-metals-energy-etc/","16","1","0.88235288927336","0.047619047485661","17.85","0.32212885154062","7.2688515406162","115","357","2.1736694677871","3","7.0924369747899"
"bctech2084","https://insights.blackcoffer.com/trading-bot-for-forex/","9","2","0.6363635785124","0.05699481835754","32.166666666667","0.33678756476684","13.001381692573","65","193","2.2072538860104","3","7.1658031088083"
"bctech2085","https://insights.blackcoffer.com/python-model-for-the-analysis-of-sector-specific-stock-etfs-for-investment-purposes%ef%bf%bc/","15","3","0.66666662962963","0.05521472375701","18.111111111111","0.33742331288344","7.3794137695978","110","326","2.1779141104294","6","7.058282208589"
"bctech2086","https://insights.blackcoffer.com/medical-classification/","15","3","0.66666662962963","0.057324840581768","19.625","0.31210191082803","7.9748407643312","98","314","2.187898089172","7","7.0286624203822"
"bctech2087","https://insights.blackcoffer.com/design-develop-bert-question-answering-model-explanations-with-visualization/","9","1","0.79999992000001","0.044843049126264","27.875","0.34529147982063","11.288116591928","77","223","2.2690582959641","4","7.3766816143498"
"bctech2088","https://insights.blackcoffer.com/design-and-develop-solution-to-anomaly-detection-classification-problems/","9","8","0.058823525951557","0.067460317192618","19.384615384615","0.34126984126984","7.8903540903541","86","252","2.3015873015873","7","7.3293650793651"
"bctech2089","https://insights.blackcoffer.com/an-etl-solution-for-currency-data-to-google-big-query/","9","13","-0.18181817355372","0.071661237551592","19.1875","0.23778501628664","7.7701140065147","73","307","1.9934853420195","13","6.671009771987"
"bctech2090","https://insights.blackcoffer.com/etl-and-mlops-infrastructure-for-blockchain-analytics/","9","1","0.79999992000001","0.030211480271264","30.090909090909","0.29909365558912","12.156001098599","99","331","2.0996978851964","2","6.9818731117825"
"bctech2091","https://insights.blackcoffer.com/an-agent-based-model-of-a-virtual-power-plant-vpp/","9","1","0.79999992000001","0.052356020668293","27.285714285714","0.3717277486911","11.062976813762","71","191","2.3089005235602","2","7.2460732984293"
"bctech2092","https://insights.blackcoffer.com/transform-api-into-sdk-library-and-widget/","18","2","0.79999996","0.078740157170314","31.75","0.32283464566929","12.829133858268","82","254","2.2165354330709","3","7.1653543307087"
"bctech2093","https://insights.blackcoffer.com/integration-of-a-product-to-a-cloud-based-crm-platform/","15","7","0.36363634710744","0.069841269619552","15","0.3047619047619","6.1219047619048","96","315","2.1460317460317","3","7.1746031746032"
"bctech2094","https://insights.blackcoffer.com/a-web-based-dashboard-for-the-filtered-data-retrieval-of-land-records/","20","4","0.66666663888889","0.0701754383913","19","0.26315789473684","7.7052631578947","90","342","2.0643274853801","2","7.0175438596491"
"bctech2095","https://insights.blackcoffer.com/integration-of-video-conferencing-data-to-the-existing-web-app/","9","1","0.79999992000001","0.03496503484278","23.833333333333","0.3041958041958","9.6550116550117","87","286","2.1713286713287","2","7.1363636363636"
"bctech2096","https://insights.blackcoffer.com/design-develop-an-app-in-retool-which-shows-the-progress-of-the-added-video/","10","1","0.81818174380166","0.05392156836313","34","0.33823529411765","13.735294117647","69","204","2.2058823529412","4","7.0588235294118"
"bctech2097","https://insights.blackcoffer.com/auvik-connectwise-integration-in-grafana/","10","3","0.53846149704142","0.050781249801636","18.285714285714","0.3046875","7.4361607142857","78","256","2.16015625","2","7.11328125"
"bctech2098","https://insights.blackcoffer.com/data-integration-and-big-data-performance-using-elk-stack/","12","3","0.59999996","0.047770700484807","17.444444444444","0.28343949044586","7.0911535739561","89","314","2.0859872611465","4","7.1210191082803"
"bctech2099","https://insights.blackcoffer.com/web-data-connector/","9","2","0.6363635785124","0.042968749832153","17.066666666667","0.30078125","6.9469791666667","77","256","2.1640625","3","7"
"bctech2100","https://insights.blackcoffer.com/an-app-for-updating-the-email-id-of-the-user-and-stripe-refund-tool-using-retool/","14","2","0.749999953125","0.067510548238352","39.5","0.27004219409283","15.908016877637","64","237","2.084388185654","5","6.8902953586498"
"bctech2101","https://insights.blackcoffer.com/an-ai-ml-based-web-application-that-detects-the-correctness-of-text-in-a-given-video/","8","9","-0.058823525951557","0.061818181593388","39.285714285714","0.28727272727273","15.829194805195","79","275","2.0472727272727","4","6.88"
"bctech2102","https://insights.blackcoffer.com/website-tracking-and-insights-using-google-analytics-google-tag-manager/","30","3","0.81818179338843","0.054999999908333","17.142857142857","0.31","6.9811428571429","186","600","2.1","5","6.9366666666667"
"bctech2103","https://insights.blackcoffer.com/dashboard-to-track-the-analytics-of-the-website-using-google-analytics-and-google-tag-manager/","29","2","0.87096771383975","0.049441786205037","16.945945945946","0.30622009569378","6.9008664166559","192","627","2.0765550239234","3","6.9011164274322"
"bctech2104","https://insights.blackcoffer.com/power-bi-dashboard-on-operations-transactions-and-marketing-embedding-the-dashboard-to-web-app/","8","1","0.77777769135803","0.046874999755859","27.428571428571","0.35416666666667","11.113095238095","68","192","2.2604166666667","2","7.265625"
"bctech2105","https://insights.blackcoffer.com/nft-data-automation-looksrare-and-etl-tool/","15","4","0.57894733795014","0.06209150306506","16.105263157895","0.25490196078431","6.5440660474716","78","306","2.0261437908497","5","6.702614379085"
"bctech2106","https://insights.blackcoffer.com/optimize-the-data-scraper-program-to-easily-accommodate-large-files-and-solve-oom-errors/","13","4","0.52941173356402","0.068273092095289","20.75","0.31325301204819","8.4253012048193","78","249","2.1526104417671","4","7.0522088353414"
"bctech2107","https://insights.blackcoffer.com/making-a-robust-way-to-sync-data-from-airtables-to-mongodb-using-python-etl-solution/","11","6","0.29411762975779","0.054140127216114","19.625","0.2515923566879","7.9506369426752","79","314","2.0095541401274","3","6.7770700636943"
"bctech2108","https://insights.blackcoffer.com/incident-duration-prediction-infrastructure-and-real-estate/","10","2","0.66666661111112","0.042704626182546","21.615384615385","0.33096085409253","8.7785381877909","93","281","2.1850533807829","6","7.1138790035587"
"bctech2109","https://insights.blackcoffer.com/statistical-data-analysis-of-reinforced-concrete/","14","3","0.64705878546713","0.049132947834876","19.222222222222","0.3728323699422","7.8380218368658","129","346","2.2947976878613","6","7.4075144508671"
"bctech2110","https://insights.blackcoffer.com/database-normalization-segmentation-with-google-data-studio-dashboard-insights/","12","1","0.84615378106509","0.046931407772811","14.578947368421","0.28880866425993","5.9471024130724","80","277","2.1371841155235","10","7.043321299639"
"bctech2111","https://insights.blackcoffer.com/power-bi-dashboard-to-drive-insights-from-complex-data-to-generate-business-insights/","13","4","0.52941173356402","0.052469135640527","16.2","0.26851851851852","6.5874074074074","87","324","2.0493827160494","10","6.7253086419753"
"bctech2112","https://insights.blackcoffer.com/real-time-dashboard-to-monitor-infrastructure-activity-and-machines/","8","2","0.59999994000001","0.047169811098256","23.555555555556","0.35849056603774","9.5656184486373","76","212","2.2877358490566","4","7.377358490566"
"bctech2113","https://insights.blackcoffer.com/electric-vehicles-ev-load-management-system-to-forecast-energy-demand/","11","3","0.57142853061225","0.045016077025672","19.4375","0.32797427652733","7.9061897106109","102","311","2.2025723472669","9","6.9453376205788"
"bctech2114","https://insights.blackcoffer.com/power-bi-data-driven-map-dashboard/","8","1","0.77777769135803","0.05521472358764","32.6","0.3680981595092","13.187239263804","60","163","2.3128834355828","2","7.4110429447853"
"bctech2115","https://insights.blackcoffer.com/google-local-service-ads-lsa-leads-dashboard/","30","4","0.76470585986159","0.06759443326522","14.794117647059","0.26441351888668","6.0234124663782","133","503","2.0198807157058","5","6.6978131212724"
"bctech2116","https://insights.blackcoffer.com/aws-lex-voice-and-chatbot/","20","1","0.90476186167801","0.062130177330976","17.789473684211","0.2396449704142","7.2116474618499","81","338","1.9792899408284","7","6.4378698224852"
"bctech2117","https://insights.blackcoffer.com/metabridges-api-decentraland-integration/","9","3","0.49999995833334","0.036923076809467","16.25","0.28615384615385","6.6144615384615","93","325","2.0892307692308","2","6.8215384615385"
"bctech2118","https://insights.blackcoffer.com/microsoft-azure-chatbot-with-luis-language-understanding/","13","1","0.85714279591837","0.060085836651992","23.3","0.31330472103004","9.445321888412","73","233","2.2017167381974","2","7.0729613733906"
"bctech2119","https://insights.blackcoffer.com/impact-of-news-media-and-press-on-innovation-startups-and-investments/","20","5","0.599999976","0.080128204871384","13","0.26602564102564","5.3064102564103","83","312","2.0705128205128","10","6.7660256410256"
"bctech2120","https://insights.blackcoffer.com/aws-quicksight-reporting-dashboard/","15","4","0.57894733795014","0.056716417741145","22.333333333333","0.29253731343284","9.0503482587065","98","335","2.0537313432836","7","6.6925373134328"
"bctech2121","https://insights.blackcoffer.com/google-data-studio-dashboard-for-marketing-ads-and-traction-data/","20","3","0.7391304026465","0.054892601300972","20.95","0.23866348448687","8.4754653937947","100","419","1.9331742243437","10","6.5775656324582"
"bctech2122","https://insights.blackcoffer.com/gangala-in-e-commerce-big-data-etl-elt-solution-and-data-warehouse/","16","3","0.68421049030471","0.062295081762967","19.0625","0.26885245901639","7.7325409836066","82","305","2.0393442622951","10","6.7311475409836"
"bctech2123","https://insights.blackcoffer.com/big-data-solution-to-an-online-multivendor-marketplace-ecommerce-business/","27","1","0.92857139540816","0.080229226131148","29.083333333333","0.25501432664756","11.735339063992","89","349","2.0458452722063","7","6.756446991404"
"bctech2124","https://insights.blackcoffer.com/creating-a-custom-report-and-dashboard-using-the-data-got-from-atera-api/","8","1","0.77777769135803","0.047368420803324","27.142857142857","0.33684210526316","10.991879699248","64","190","2.2473684210526","4","7.1894736842105"
"bctech2125","https://insights.blackcoffer.com/azure-data-lake-and-power-bi-dashboard/","13","3","0.6249999609375","0.062745097793156","17","0.34509803921569","6.9380392156863","88","255","2.278431372549","2","7.4235294117647"
"bctech2126","https://insights.blackcoffer.com/google-data-studio-pipeline-with-gcp-mysql/","8","2","0.59999994000001","0.045045044842139","27.75","0.3018018018018","11.220720720721","67","222","2.1801801801802","3","7.1531531531532"
"bctech2127","https://insights.blackcoffer.com/quickbooks-dashboard-to-find-patterns-in-finance-sales-and-forecasts/","16","1","0.88235288927336","0.050898203440425","22.266666666667","0.2814371257485","9.0192415169661","94","334","2.1706586826347","4","7.251497005988"
"bctech2128","https://insights.blackcoffer.com/marketing-sales-and-financial-data-business-dashboard-wink-report/","12","1","0.84615378106509","0.042904290287445","15.947368421053","0.31023102310231","6.503039777662","94","303","2.1947194719472","5","7.1353135313531"
"bctech2129","https://insights.blackcoffer.com/react-native-apps-in-the-development-portfolio/","7","1","0.74999990625001","0.05128205095332","31.2","0.37179487179487","12.628717948718","58","156","2.3205128205128","3","7.4102564102564"
"bctech2130","https://insights.blackcoffer.com/a-leading-firm-website-seo-optimization/","10","1","0.81818174380166","0.053398057993213","20.6","0.33980582524272","8.3759223300971","70","206","2.2233009708738","2","7.2233009708738"
"bctech2131","https://insights.blackcoffer.com/a-leading-hospitality-firm-in-the-usa-website-seo-optimization/","14","1","0.86666660888889","0.069444444122942","21.6","0.35648148148148","8.7825925925926","77","216","2.2314814814815","2","7.2083333333333"
"bctech2132","https://insights.blackcoffer.com/a-leading-firm-in-the-usa-website-seo-optimization/","11","3","0.57142853061225","0.070351758440443","33.166666666667","0.33668341708543","13.401340033501","67","199","2.1909547738693","2","7.1206030150754"
"bctech2133","https://insights.blackcoffer.com/a-leading-musical-instrumental-website-seo-optimization/","11","4","0.46666663555556","0.076142131593187","17.909090909091","0.36548223350254","7.3098292570374","72","197","2.2690355329949","2","7.2335025380711"
"bctech2134","https://insights.blackcoffer.com/a-leading-firm-in-the-usa-seo-and-website-optimization/","10","2","0.66666661111112","0.062499999674479","19.2","0.34375","7.8175","66","192","2.2291666666667","2","7.2708333333333"
"bctech2135","https://insights.blackcoffer.com/immigration-datawarehouse-ai-based-recommendations/","17","1","0.88888883950618","0.057324840581768","17.444444444444","0.29936305732484","7.0975230007077","94","314","2.1369426751592","9","7.0796178343949"
"bctech2136","https://insights.blackcoffer.com/lipsync-automation-for-celebrities-and-influencers/","8","1","0.77777769135803","0.038793103281064","21.090909090909","0.31896551724138","8.5639498432602","74","232","2.176724137931","6","7.0603448275862"
"bctech2137","https://insights.blackcoffer.com/key-audit-matters-predictive-modeling/","10","9","0.052631576177285","0.04896907203874","20.421052631579","0.31185567010309","8.2931633206728","121","388","2.1546391752577","5","6.8427835051546"
"bctech2138","https://insights.blackcoffer.com/splitting-of-songs-into-its-vocals-and-instrumental/","17","4","0.61904758956916","0.077777777489712","19.285714285714","0.3037037037037","7.8357671957672","82","270","2.1185185185185","3","7.062962962963"
"bctech2139","https://insights.blackcoffer.com/ai-and-ml-technologies-to-evaluate-learning-assessments/","20","3","0.7391304026465","0.065902578607729","15.173913043478","0.34097421203438","6.2059549022051","119","349","2.3008595988539","14","7.3123209169054"
"bctech2140","https://insights.blackcoffer.com/datawarehouse-and-recommendations-engine-for-airbnb/","16","4","0.59999997","0.065146579592356","18.058823529412","0.30618892508143","7.3460049817973","94","307","2.1921824104235","9","7.0488599348534"
"bctech2141","https://insights.blackcoffer.com/real-estate-data-warehouse/","13","1","0.85714279591837","0.042424242295684","18.333333333333","0.28484848484848","7.4472727272727","94","330","2.1030303030303","3","6.9333333333333"
"bctech2142","https://insights.blackcoffer.com/traction-dashboards-of-marketing-campaigns-and-posts/","11","2","0.69230763905326","0.041269841138826","18.529411764706","0.2984126984127","7.5311297852474","94","315","2.0825396825397","10","6.9079365079365"
"bctech2143","https://insights.blackcoffer.com/google-local-service-ads-lsa-data-warehouse/","10","1","0.81818174380166","0.045081967028353","20.333333333333","0.3155737704918","8.2595628415301","77","244","2.1639344262295","2","6.922131147541"
"bctech2144","https://insights.blackcoffer.com/google-local-service-ads-missed-calls-and-messages-automation-tool/","9","3","0.49999995833334","0.0495867766546","30.25","0.28099173553719","12.212396694215","68","242","2.095041322314","2","6.9297520661157"
"bctech2145","https://insights.blackcoffer.com/marketing-ads-leads-call-status-data-tool-to-bigquery/","11","1","0.83333326388889","0.051724137708086","21.090909090909","0.31465517241379","8.5622257053292","73","232","2.2155172413793","2","7.1551724137931"
"bctech2146","https://insights.blackcoffer.com/marketing-analytics-to-automate-leads-call-status-and-reporting/","11","1","0.83333326388889","0.050632911178764","23.7","0.31645569620253","9.606582278481","75","237","2.1729957805907","2","7.0675105485232"
"bctech2147","https://insights.blackcoffer.com/callrail-analytics-leads-report-alert/","10","1","0.81818174380166","0.046808510439113","19.583333333333","0.31489361702128","7.9592907801418","74","235","2.1872340425532","2","7.1446808510638"
"bctech2148","https://insights.blackcoffer.com/marketing-automation-tool-to-notify-lead-details-to-clients-over-email-and-phone/","9","1","0.79999992000001","0.046296296081962","27","0.34722222222222","10.938888888889","75","216","2.1898148148148","2","7.0648148148148"
"bctech2149","https://insights.blackcoffer.com/data-etl-local-service-ads-leads-to-bigquery/","11","1","0.83333326388889","0.055045871307129","24.222222222222","0.3256880733945","9.8191641182467","71","218","2.2064220183486","2","7.105504587156"
"bctech2150","https://insights.blackcoffer.com/marbles-stimulation-using-python/","11","3","0.57142853061225","0.056910568874347","16.4","0.32113821138211","6.6884552845528","79","246","2.1585365853659","4","6.9471544715447"
"bctech2151","https://insights.blackcoffer.com/stocktwits-data-structurization/","21","11","0.31249999023438","0.045845272140623","13.423076923077","0.24641833810888","5.4677981044743","172","698","2.0157593123209","8","6.7249283667622"
"bctech2152","https://insights.blackcoffer.com/sentimental-analysis-on-shareholder-letter-of-companies/","16","8","0.33333331944444","0.055427251604094","17.32","0.35796766743649","7.0711870669746","155","433","2.2540415704388","7","7.2448036951501"
"bctech2153","https://insights.blackcoffer.com/population-and-community-survey-of-america/","20","9","0.37931033174792","0.042772861293845","17.842105263158","0.27433628318584","7.2465766185375","186","678","2.0973451327434","5","6.8510324483776"
"bctech2154","https://insights.blackcoffer.com/google-lsa-api-data-automation-and-dashboarding/","28","20","0.16666666319444","0.048048047999952","14.478260869565","0.26126126126126","5.8958088523306","261","999","2.0640640640641","9","6.7567567567568"
"bctech2155","https://insights.blackcoffer.com/healthcare-data-analysis/","15","8","0.30434781285444","0.08812260502635","17.4","0.28352490421456","7.0734099616858","74","261","2.1149425287356","13","6.8390804597701"
"bctech2156","https://insights.blackcoffer.com/budget-sales-kpi-dashboard-using-power-bi/","7","1","0.74999990625001","0.0499999996875","32","0.375","12.95","60","160","2.3625","2","7.66875"
"bctech2157","https://insights.blackcoffer.com/amazon-buy-bot-an-automation-ai-tool-to-auto-checkouts/","9","1","0.79999992000001","0.046296296081962","19.636363636364","0.34722222222222","7.9934343434343","75","216","2.1990740740741","3","7.0740740740741"
